name,latitude,longitude,state,artcc,type,updated
TACHI,21.409577777777777,-157.99319722222222,HAWAII,ZHN,MR,HNL*VORTAC*318.86/7.00
TAMMI,20.092655555555556,-156.033475,HAWAII,ZHN,RP,UPP*VORTAC*228.04/12.53
TANFO,21.500791666666668,-153.76645833333333,HAWAII,ZHN,RP,OGG*VORTAC*065.09/153.00
TARLE,21.274927777777776,-158.32807499999998,HAWAII,ZHN,RP,HNL*VORTAC*253.95/22.37
TEBBS,20.79080277777778,-156.50944722222224,HAWAII,ZHN,RP,OGG*LD*203.97/8.50
TEETA,19.820316666666667,-155.70297777777776,HAWAII,ZHN,MR,MUE*VOR/DME*179.00/10.79
TEWVU,20.628744444444443,-157.07275555555555,HAWAII,ZHN,RP,LNY*VORTAC*204.77/10.00
TEZYU,20.838475,-157.19768055555556,HAWAII,ZHN,CN,06/26/2003
THOMA,23.94345,-160.7635,HAWAII,ZHN,RNAV,10/27/2016
TIGAH,20.080541666666665,-155.45375555555555,HAWAII,ZHN,RP,MUE*VOR/DME*056.96/13.17
TOADS,22.76925,-156.69602777777777,HAWAII,ZHN,RP,MKK*VORTAC*004.02/100.65
TORKL,22.95111111111111,-159.8552777777778,HAWAII,ZHU,RNAV,01/13/2011
TRADD,7.017441666666667,-158.38305277777778,,ZHN,RP,PNI*NDB/DME*072.00/11.00
TRUCE,19.763280555555557,-155.12643611111113,HAWAII,ZHN,MR,ITO*VORTAC*279.99/7.00
TYPHO,20.001047222222223,-156.47980555555554,HAWAII,ZHN,RP,KOA*VORTAC*293.67/29.88
TYRAY,22.183333333333334,-157.0,HAWAII,ZHN,RNAV,01/30/2014
AADPO,14.168761111111111,-170.96753333333334,,ZHN,RP,TUT*VORTAC*/18.00
AARES,20.998611111111114,-157.095,HAWAII,ZHN,RNAV,12/14/2011
AATRE,21.21973611111111,-157.92191944444443,HAWAII,ZHN,RNAV,06/02/2014
ACRON,13.623752777777778,-143.03114166666668,GUAM,ZHN,RP,UNZ*VORTAC*274.00/100.00
ADBON,0.0,-154.22833333333332,OFFSHORE PACIFIC,ZHN,RP,03/01/1990
ADLEC,28.46002222222222,-178.00259722222222,MIDWAY ATOLL,ZHN,WP,11/02/2001
ADUFO,7.2438722222222225,-157.77266111111112,,ZHN,MR,PNI*NDB/DME*294.40/30.00
AFOYU,6.657183333333334,-158.58505277777778,,ZHN,RNAV,03/06/2017
AJUMI,20.67805277777778,-156.49981388888887,HAWAII,ZHN,RP,OGG*VORTAC*187.00/14.36
AKKAA,19.65060833333333,-156.13535555555555,HAWAII,ZHN,RNAV,06/10/2014
AKOKE,21.158330555555555,-157.98920277777776,HAWAII,ZHN,RNAV,02/24/2012
AKULE,21.873066666666666,-159.33591666666666,HAWAII,ZHN,RP,SOK*VORTAC*087.59
ALAFU,21.36031388888889,-155.67220555555554,HAWAII,ZHN,RP,OGG*VORTAC*046.00/50.00
ALANA,21.075327777777776,-157.93908611111112,HAWAII,ZHN,RP,CKH*VORTAC*218.45/17.44
ALEWA,20.00621388888889,-155.64853333333332,HAWAII,ZHN,RP,MUE*VOR/DME*056.96/1.30
ALICA,21.582266666666666,-153.38545,HAWAII,ZHN,RP,UPP*VORTAC*047.68/160.90
ALJAI,20.66855,-158.68329722222222,HAWAII,ZHN,MR,HNL*VORTAC*217.00/57.00
ALLUN,22.02871111111111,-157.86206944444444,OFFSHORE PACIFIC,ZHN,MR,NGF*TACAN*340.00/35.00
ALOCA,23.13361111111111,-157.08333333333334,OFFSHORE PACIFIC,ZHN,RNAV,08/29/2011
AMERY,19.95508611111111,-156.4091611111111,HAWAII,ZHN,RP,OGG*VORTAC*168.33/56.87
ANDES,19.82811388888889,-156.21443888888888,HAWAII,ZHN,RP,KOA*VORTAC*293.67/11.66
ANIKA,13.543083333333334,-144.8429888888889,GUAM,ZHN,MR,UAM*TACAN*242.61/6.70
ANUYA,22.126516666666667,-159.18383333333333,HAWAII,ZHN,RNAV,05/24/2007
APACK,24.043702777777778,-156.31954166666665,OFFSHORE PACIFIC,ZHN,RP,MKK*VORTAC*004.00/180.00
APRAN,14.365222222222222,-170.76626944444445,,ZHN,RP,TUT*VORTAC*228.00/3.90
ARBOR,19.981002777777775,-155.13325,HAWAII,ZHN,RP,ITO*VORTAC*325.00/16.99
ARROW,22.355044444444445,-155.20856388888888,HAWAII,ZHN,RP,ITO*VORTAC*345.00/157.84
ASAYA,21.837694444444445,-159.76645833333333,HAWAII,ZHN,MR,NBS*TACAN*165.00/12.00
ATINE,22.641130555555556,-157.224,HAWAII,ZHN,RP,MKK*VORTAC*347.00/90.00
AVIKY,28.236666666666668,-177.27972222222223,MIDWAY ATOLL,ZHN,WP,11/02/2001
AWAHI,21.105316666666667,-155.55583333333334,HAWAII,ZHN,RP,OGG*VORTAC*065.09/50.00
AXTEN,6.821597222222222,-158.67836388888887,,ZHN,RNAV,03/06/2017
AZIBA,21.29975277777778,-154.68842222222221,HAWAII,ZHN,RP,OGG*VORTAC*065.09/100.00
XUSQA,20.799558333333334,-156.44476944444446,HAWAII,ZHN,CN,05/26/2011
MABBL,21.19476388888889,-157.41945555555554,HAWAII,ZHN,RP,LNY*VORTAC*304.56
MAGGI,21.840530555555553,-156.96560833333334,HAWAII,ZHN,RP,CKH*VORTAC*039.00/53.73
MAHAO,22.008058333333334,-159.05716111111113,HAWAII,ZHN,RNAV,05/17/2007
MAILE,21.66841388888889,-160.44492222222223,HAWAII,ZHN,MR,SOK*VORTAC*244.00/53.00
MAITI,19.22293333333333,-151.87963333333335,HAWAII,ZHN,RP,ITO*VORTAC*088.00/180.00
MAKAI,21.25791111111111,-158.00882222222222,HAWAII,ZHN,RNAV,05/16/2002
MAKEN,20.57895,-156.41962777777778,HAWAII,ZHN,RP,OGG*VORTAC*168.78/19.58
MAKOA,21.325130555555557,-158.14149166666667,HAWAII,ZHN,RP,HNL*LD*258.99/13.26
MALIA,19.93422222222222,-155.94479444444445,HAWAII,ZHN,RP,MUE*VOR/DME*245.25/16.00
MAPIE,22.00631111111111,-159.78225555555557,HAWAII,ZHN,MR,NBS*TACAN*165.00/1.88
MARKK,21.478302777777778,-158.03799444444445,HAWAII,ZHN,MW,06/05/2010
MARTI,3.5,-169.275,OFFSHORE PACIFIC,ZHN,RP,02/04/1985
MASAE,21.47992222222222,-157.4291888888889,HAWAII,ZHN,RNAV,06/23/2015
MATAE,21.146466666666665,-158.01594722222222,HAWAII,ZHN,RNAV,05/10/2002
MAVGD,21.299377777777778,-157.94102777777778,HAWAII,ZHN,RP,HNL*VORTAC*217.05/0.80
MAVGK,19.717744444444442,-156.04781111111112,HAWAII,ZHN,CN,03/17/2003
MAVGN,21.151852777777776,-157.10160555555555,HAWAII,ZHN,RP,MKK*VORTAC*066.44/3.78
MAVKP,21.99465,-159.32541666666665,HAWAII,ZHN,CN,06/30/2003
MAVLB,21.949616666666667,-159.33166111111112,HAWAII,ZHN,CN,07/01/2003
MEGUE,22.126955555555558,-159.27237222222223,HAWAII,ZHN,RNAV,03/19/2003
MIKEY,20.98224722222222,-156.3833277777778,HAWAII,ZHN,RP,OGG*VORTAC*014.00/5.00
MILTI,20.870975,-158.10899722222223,HAWAII,ZHN,RP,HNL*VORTAC*190.00/28.00
MOANA,19.970227777777776,-156.26428055555556,HAWAII,ZHN,RP,UPP*VORTAC*229.00
MOBRE,20.987005555555555,-156.23330555555555,HAWAII,ZHN,RNAV,12/04/2008
MOEER,7.051777777777778,-158.09394444444445,,ZHN,RP,PNI*NDB/DME*294.00/8.00
MORKE,21.789291666666667,-159.3359,HAWAII,ZHN,RP,SOK*VORTAC*110.63
MUGGE,21.656238888888886,-157.79449166666666,HAWAII,ZHN,RP,HNL*VORTAC*009.06/22.15
MYNAH,19.81188888888889,-156.08585555555555,HAWAII,ZHN,RP,MUE*VOR/DME*233.75/26.02
LANEO,21.24887777777778,-158.0192,HAWAII,ZHN,RP,IUM*LD*222.01/8.10
LARYN,21.933794444444445,-157.19719444444445,HAWAII,ZHN,RP,MKK*VORTAC*347.00/47.60
LAVAS,20.490569444444446,-156.41926388888888,HAWAII,ZHN,RP,OGG*VORTAC*168.78/24.86
LAYIG,21.176066666666667,-158.01724722222224,HAWAII,ZHN,RNAV,07/31/2006
LEANE,21.26940833333333,-159.71467777777778,HAWAII,ZHN,RP,SOK*VORTAC*184.00
LEHUA,21.187313888888887,-157.80720000000002,HAWAII,ZHN,RP,CKH*VORTAC*220.50
LELEO,21.994736111111113,-159.3253361111111,HAWAII,ZHN,RP,LIH*VORTAC*011.02/1.90
LETTR,21.512169444444446,-157.73301944444444,HAWAII,ZHN,MR,NGF*TACAN*011.65/3.60
LICEP,20.01551111111111,-155.62470555555555,HAWAII,ZHN,RNAV,07/20/2011
LILIA,22.5077,-161.5831388888889,HAWAII,ZHN,RP,SOK*VORTAC*277.00/120.00
LIMPE,14.219544444444445,-170.99465277777776,,ZHN,RP,TUT*VORTAC*280.00/18.00
LNBRG,20.63863333333333,-155.93373055555557,HAWAII,ZHN,RP,UPP*VORTAC*338.00/26.68
LNDHY,21.17361111111111,-156.125,HAWAII,ZHN,RNAV,05/26/2011
LOKIE,21.12396111111111,-157.34505000000001,HAWAII,ZHN,RP,LNY*VORTAC*304.56
LORET,20.99081388888889,-156.69139444444446,HAWAII,ZHN,RP,LNY*VORTAC*038.00
LUANA,20.010816666666667,-155.65525833333334,HAWAII,ZHN,RNAV,07/10/2003
LUYEV,21.026125,-157.990525,HAWAII,ZHN,RNAV,05/21/2007
LYDAT,21.871591666666667,-159.29956388888888,HAWAII,ZHN,RP,SOK*VORTAC*086.62
YAMMA,15.035886111111111,-145.52011111111113,GUAM,ZHN,RP,SN*NDB*245.79
YELLO,14.166666666666666,-135.0,OFFSHORE PACIFIC,ZHN,RP,01/04/1993
YEPGU,21.169944444444447,-158.13065555555556,HAWAII,ZHN,RP,IUM*LD*222.01/15.93
YUCUV,19.639677777777777,-156.07799166666666,HAWAII,ZHN,RP,KOA*VORTAC*191.00/5.00
YUDYU,21.295900000000003,-158.07975833333333,HAWAII,ZHN,RP,HNL*VORTAC*253.95/8.40
YUNUB,21.25896388888889,-156.873075,HAWAII,ZHN,RNAV,01/27/2011
UJGEM,19.539880555555555,-156.27635555555557,HAWAII,ZHN,RNAV,07/20/2011
UJIXO,28.166666666666668,-175.0,MIDWAY ATOLL,ZHN,RP,07/08/1997
UKJOJ,19.668122222222223,-156.14585277777778,HAWAII,ZHN,RNAV,07/20/2011
UKOSY,6.992002777777778,-158.30503333333334,,ZHN,RNAV,03/06/2017
UNADY,22.77611111111111,-156.23250000000002,HAWAII,ZHN,RNAV,05/26/2011
UPOYO,21.018452777777778,-156.18770555555557,HAWAII,ZHN,RNAV,04/05/2016
UVIHU,28.344877777777775,-177.2261,MIDWAY ATOLL,ZHN,WP,11/02/2001
UWEHE,21.95278611111111,-159.33296944444444,HAWAII,ZHN,RP,LIH*VORTAC*147.99/0.80
KABTE,21.30680277777778,-157.9463,HAWAII,ZHN,RNAV,07/31/2006
KAENA,21.541111111111114,-158.36277777777778,HAWAII,ZHN,RNAV,04/13/2010
KAIKO,20.512991666666668,-156.7438222222222,HAWAII,ZHN,RP,LNY*VORTAC*128.85/19.66
KAPOK,11.800941666666667,-144.99910555555553,GUAM,ZHN,RP,UNZ*VORTAC*169.00/100.00
KAPUA,19.762227777777778,-155.72784166666668,HAWAII,ZHN,MR,UPP*VORTAC*155.00/27.00
KATHS,21.077055555555557,-161.3863333333333,HAWAII,ZHN,RP,SOK*VORTAC*234.00/115.00
KAYAK,19.91221111111111,-156.03898055555555,HAWAII,ZHN,RP,MUE*VOR/DME*245.25/21.48
KEAHI,20.79461388888889,-157.6023361111111,HAWAII,ZHN,RP,HNL*VORTAC*138.00/35.80
KEANY,19.966191666666667,-155.80735555555557,HAWAII,ZHN,RP,MUE*VOR/DME*245.25/8.00
KEENG,9.527322222222223,-138.16885555555555,,ZHN,RNAV,08/28/2003
KEIKI,20.685869444444446,-156.67840555555554,HAWAII,ZHN,RP,VYI*NDB*217.72
KEITH,21.0,-134.94666666666666,OFFSHORE PACIFIC,ZHN,RP,04/29/1987
KEKOA,22.058305555555556,-159.29774722222223,HAWAII,ZHN,RP,LIH*VORTAC*011.02/6.00
KELAY,20.555866666666667,-157.307125,HAWAII,ZHN,MR,HNL*VORTAC*131.00/57.00
KENJI,19.494125,-159.03286666666668,HAWAII,ZHN,MR,03/22/1985
KEOKI,21.16931388888889,-158.01255833333335,HAWAII,ZHN,RP,CKH*VORTAC*241.00
KEOLA,21.298122222222222,-158.490525,HAWAII,ZHN,RP,SOK*VORTAC*110.62/68.32
KEYOA,19.765472222222222,-156.0907361111111,HAWAII,ZHN,RNAV,06/10/2014
KIAWE,20.040922222222225,-155.5822472222222,HAWAII,ZHN,RNAV,07/10/2003
KIBPE,19.749255555555557,-155.56730277777777,HAWAII,ZHN,RNAV,12/13/2005
KIHEI,20.77015833333333,-156.47628055555555,HAWAII,ZHN,RP,VYI*NDB*184.96
KIRBB,22.18528611111111,-159.86950000000002,HAWAII,ZHN,RNAV,09/27/2016
KITKE,21.306616666666667,-158.19735277777778,HAWAII,ZHN,RNAV,05/10/2002
KLANI,21.549722222222226,-158.6025,HAWAII,ZHN,RNAV,10/27/2016
KMUKI,21.24100277777778,-157.93788333333333,HAWAII,ZHN,RNAV,06/02/2014
KNNEE,22.383333333333333,-159.26666666666668,HAWAII,ZHN,RNAV,01/30/2014
KOLOW,21.058216666666667,-157.25863611111112,HAWAII,ZHN,RP,LNY*VORTAC*306.22
KOLTE,20.981241666666666,-157.35010833333334,HAWAII,ZHN,RP,LNY*VORTAC*290.24/25.03
KOMAZ,21.755625,-158.56365277777778,HAWAII,ZHN,MW,07/07/2016
KONEA,19.961027777777776,-155.75405833333335,HAWAII,ZHN,RNAV,07/20/2011
KOPSE,19.791700000000002,-154.99025277777775,HAWAII,ZHN,RNAV,07/09/2002
KPAPA,21.255847222222222,-158.00934444444445,HAWAII,ZHN,RNAV,06/02/2014
KRANE,21.085677777777775,-156.28983333333332,HAWAII,ZHN,RP,OGG*VORTAC*023.47/13.00
KRAYG,20.6875,-158.31083333333333,HAWAII,ZHN,RNAV,01/30/2014
KREEN,21.996277777777777,-159.1255638888889,HAWAII,ZHN,RP,LIH*VORTAC*070.07/12.00
KRYST,21.27788888888889,-159.39893333333333,HAWAII,ZHN,RP,HNL*VORTAC*258.00/82.30
KUCHI,20.845719444444445,-157.85246388888888,HAWAII,ZHN,RP,HNL*VORTAC*160.00/28.00
KUHIO,21.255183333333335,-157.83166944444443,HAWAII,ZHN,RNAV,07/31/2006
KUKUI,19.991836111111112,-155.68095277777778,HAWAII,ZHN,RNAV,07/20/2011
KULAZ,20.7125,-157.66055555555556,HAWAII,ZHN,RNAV,01/30/2014
KUMME,19.28108333333333,-152.2265277777778,HAWAII,ZHN,RP,ITO*VORTAC*088.00/160.00
KUPAU,20.029922222222222,-155.58650833333334,HAWAII,ZHN,RP,MUE*VOR/DME*056.96/5.08
KYLIO,22.235277777777778,-156.82972222222222,OFFSHORE PACIFIC,ZHN,RNAV,04/13/2010
RABAT,20.81323888888889,-155.52824722222223,HAWAII,ZHN,RP,ITO*VORTAC*325.00/71.50
RABBS,21.336666666666666,-158.23999999999998,HAWAII,ZHN,RNAV,10/27/2016
RAZEL,9.447716666666667,-137.89256388888887,,ZHN,RP,YP*NDB/DME*254.12/12.00
RCHEW,21.20807222222222,-158.07689722222221,HAWAII,ZHN,RNAV,02/24/2012
REEEF,21.254166666666666,-157.935,HAWAII,ZHN,RNAV,10/27/2016
REEFS,19.78431666666667,-156.1029888888889,HAWAII,ZHN,RP,UPP*VORTAC*199.58
RENKK,21.30641388888889,-158.10030277777778,HAWAII,ZHN,RNAV,06/02/2014
REXIE,22.992552777777778,-156.91290833333335,HAWAII,ZHN,RP,OGG*VORTAC*336.68/127.71
ROBYN,19.76366388888889,-156.1158361111111,HAWAII,ZHN,RP,UPP*VORTAC*199.58/30.32
ROSHE,20.92663888888889,-157.25380833333332,HAWAII,ZHN,RP,LNY*VORTAC*290.00/18.70
ROWIN,20.14667777777778,-156.41787777777776,HAWAII,ZHN,RP,OGG*VORTAC*168.78/45.42
ROXZZ,21.083333333333332,-156.55,HAWAII,ZHN,RNAV,12/14/2011
GARZZ,20.467777777777776,-157.23499999999999,HAWAII,ZHN,RNAV,01/29/2014
GEBNE,19.644091666666665,-154.50084166666667,HAWAII,ZHN,RP,ITO*VORTAC*088.00/29.25
GECKO,21.19225,-158.30978055555556,HAWAII,ZHN,RP,SOK*VORTAC*110.61/80.26
GEYEN,20.06094166666667,-155.97021111111113,HAWAII,ZHN,RP,MUE*VOR/DME*271.54/17.38
GICEK,20.70583611111111,-157.1354111111111,HAWAII,ZHN,RP,LNY*VORTAC*238.50/10.00
GIDME,21.207527777777777,-158.08002222222223,HAWAII,ZHN,RNAV,04/17/2002
GLORA,20.183333333333334,-157.0,HAWAII,ZHN,RNAV,01/30/2014
GOMAW,21.93766666666667,-159.77581944444447,HAWAII,ZHN,MR,NBS*TACAN*165.00/6.00
GONEC,22.10481388888889,-159.27754722222224,HAWAII,ZHN,RP,LIH*VORTAC*011.02/9.00
GOSTT,21.50706111111111,-157.69150833333333,HAWAII,ZHN,MW,12/12/2017
GOYEY,20.911649999999998,-156.01116666666667,HAWAII,ZHN,RNAV,07/15/2005
GPYLE,20.795391666666667,-155.82949722222222,HAWAII,ZHN,RNAV,07/12/2005
GRAIL,21.512991666666668,-158.85909166666667,HAWAII,ZHN,RP,SOK*VORTAC*110.61/44.00
GRAMY,20.818880555555555,-157.13711388888888,HAWAII,ZHN,RP,LNY*VORTAC*278.00/10.00
GRDYN,21.168055555555558,-157.69694444444445,HAWAII,ZHN,RNAV,02/14/2012
GRITL,21.327683333333333,-157.6233638888889,HAWAII,ZHN,RP,CKH*VORTAC*039.00/5.80
GRUPY,14.44458611111111,-170.89980833333334,,ZHN,RP,TUT*LD*SW CRS/13.40
FAKUR,20.866666666666667,-154.30222222222224,HAWAII,ZHN,RNAV,05/26/2011
FALOS,21.303852777777777,-157.94139166666668,HAWAII,ZHN,RP,IUM*LD*222.01/2.64
FAMBU,19.867647222222224,-154.92094444444444,HAWAII,ZHN,RNAV,07/09/2002
FAMOP,19.721069444444442,-154.72894722222222,HAWAII,ZHN,RNAV,07/09/2002
FAVLU,20.636599999999998,-156.85430833333334,HAWAII,ZHN,RP,LNY*VORTAC*128.85/10.00
FEGTU,21.325191666666665,-158.0684861111111,HAWAII,ZHN,RP,HNL*LD*258.99/9.17
FENSE,3.5,-162.26166666666666,OFFSHORE PACIFIC,ZHN,RP,02/04/1985
FEXAN,21.140725,-158.02637222222222,HAWAII,ZHN,RNAV,04/17/2002
FFLRS,21.292055555555557,-158.04695555555554,HAWAII,ZHN,MW,06/05/2010
FGTRE,21.325155555555554,-158.09082222222224,HAWAII,ZHN,RP,HNL*LD*258.99/10.42
FIBEE,13.567827777777778,-144.97338611111113,GUAM,ZHN,RP,UNZ*VORTAC*062.23/15.58
FIRES,20.320013888888887,-156.92173333333332,HAWAII,ZHN,RP,MUE*VOR/DME*274.45/73.24
FISHE,21.777224999999998,-155.53554722222222,HAWAII,ZHN,RP,UPP*VORTAC*359.33/95.83
FITES,20.794555555555558,-153.00063333333333,HAWAII,ZHN,RP,ITO*VORTAC*049.16
FIVEO,21.07777777777778,-157.91,HAWAII,ZHN,RNAV,02/14/2012
FLITT,20.043141666666667,-155.941675,HAWAII,ZHN,RP,MUE*VOR/DME*269.00
FOGOL,21.062869444444445,-156.27080555555557,HAWAII,ZHN,RNAV,12/04/2008
FOOTS,31.132058333333333,-123.54800277777778,OFFSHORE PACIFIC,ZHN,RP,01/22/1982
FRAKR,22.205383333333334,-159.21214999999998,HAWAII,ZHN,RP,LIH*VORTAC*015.00/16.00
FREDI,22.540083333333335,-156.8050638888889,HAWAII,ZHN,RP,OGG*VORTAC*336.60/99.61
FUNKI,20.608311111111114,-156.393925,HAWAII,ZHN,RP,OGG*VORTAC*164.12/17.89
FUZZE,21.84701111111111,-157.83111666666667,OFFSHORE PACIFIC,ZHN,MR,SOK*VORTAC*080.61/94.80
SABAE,20.79687777777778,-156.49755,HAWAII,ZHN,RNAV,05/26/2011
SAKKI,20.931752777777778,-157.48834166666666,HAWAII,ZHN,RP,LNY*VORTAC*278.00/30.86
SANDO,14.16248888888889,-145.28046666666668,GUAM,ZHN,RP,UNZ*VORTAC*035.00/53.00
SANTA,7.125,-150.0,OFFSHORE PACIFIC,ZHN,RP,02/04/1985
SAPDE,20.154766666666664,-154.96270277777776,HAWAII,ZHN,RP,ITO*VORTAC*355.00/26.05
SARDS,20.539983333333335,-155.7050111111111,HAWAII,ZHN,RP,ITO*VORTAC*310.43/62.69
SCOON,20.256305555555556,-152.2366111111111,HAWAII,ZHN,RP,ITO*VORTAC*067.00/160.00
SEBYI,21.057333333333332,-158.1175,HAWAII,ZHN,CN,01/03/2003
SECIL,21.202075,-157.77538055555556,HAWAII,ZHN,RP,EPC*DD*124.01/10.50
SECJI,20.977166666666665,-159.00416666666666,HAWAII,ZHN,CN,01/03/2003
SELIC,21.325025,-158.20818055555554,HAWAII,ZHN,RP,LIH*VORTAC*110.01/73.85
SELYY,20.512666666666668,-158.2048333333333,HAWAII,ZHN,CN,01/03/2003
SERAH,20.864625,-157.2790916666667,HAWAII,ZHN,RP,LNY*VORTAC*278.00/18.43
SERYU,22.455,-156.78766666666667,HAWAII,ZHN,CN,01/03/2003
SESAW,19.876497222222223,-154.23253888888888,HAWAII,ZHN,RP,ITO*VORTAC*067.00/45.00
SESXI,21.285333333333334,-154.7405,HAWAII,ZHN,CN,01/03/2003
SETTS,14.435808333333334,-171.03497777777778,AMERICAN SAMOA,ZHN,RP,TUT*VORTAC*240.00/20.00
SETWE,20.587666666666667,-154.019,HAWAII,ZHN,CN,01/03/2003
SETZO,20.784833333333335,-157.39383333333333,HAWAII,ZHN,CN,12/18/2002
SEYOL,20.879030555555556,-155.82932499999998,HAWAII,ZHN,RNAV,07/12/2005
SHAKA,15.092902777777779,-145.66360277777778,GUAM,ZHN,RP,SN*NDB*245.79
SHARK,22.51517777777778,-156.0897277777778,HAWAII,ZHN,RP,CKH*VORTAC*039.00/117.00
SHIGI,21.30419722222222,-158.17150277777776,HAWAII,ZHN,RP,HNL*VORTAC*257.99/13.51
SHLAY,21.226666666666667,-157.875,HAWAII,ZHN,RNAV,02/14/2012
SHOWS,22.040147222222224,-159.786625,HAWAII,ZHN,MR,NBS*TACAN*322.03/0.17
SIMSN,21.20858611111111,-158.2182527777778,HAWAII,ZHN,RNAV,12/27/2013
SIPAE,20.795580555555556,-155.95579444444442,HAWAII,ZHN,RNAV,07/12/2005
SNAPP,15.853438888888888,-146.60578333333333,GUAM,ZHN,RP,UNZ*VORTAC*035.00/180.00
SOBOW,20.833519444444445,-157.18255555555555,HAWAII,ZHN,CN,07/06/2011
SODZE,20.045672222222223,-155.94849722222222,HAWAII,ZHN,RP,MUE*VOR/DME*269.30
SOLCE,22.398333333333333,-156.24266666666665,HAWAII,ZHN,CN,01/06/2003
SOMOH,22.3215,-156.3425,HAWAII,ZHN,CN,01/06/2003
SOPIW,22.3875,-156.80733333333333,HAWAII,ZHN,CN,01/06/2003
STAIT,21.62543611111111,-156.58889166666668,HAWAII,ZHN,RP,CKH*VORTAC*059.74/65.97
STINE,14.467955555555555,-147.63880833333332,GUAM,ZHN,RP,UNZ*VORTAC*068.00/180.00
SUCTU,20.852511111111113,-157.40450555555557,HAWAII,ZHN,CN,07/06/2011
SUPPO,21.15151388888889,-158.1159361111111,HAWAII,ZHN,RP,HNL*VORTAC*217.00/14.00
SUSRY,21.252333333333333,-157.99672222222222,HAWAII,ZHN,RP,HNL*VORTAC*217.00/5.00
SWEEP,20.97507222222222,-156.00355833333333,HAWAII,ZHN,RP,OGG*VORTAC*069.00/23.80
SYIKL,21.73777777777778,-160.54222222222222,HAWAII,ZHN,RNAV,01/13/2011
SYVAD,21.924444444444447,-162.75799444444445,HAWAII,ZHN,RP,SOK*VORTAC*260.06/180.16
JABDI,21.996980555555556,-159.32299722222223,HAWAII,ZHN,RNAV,04/07/2003
JASON,19.908541666666665,-155.87027777777777,HAWAII,ZHN,RP,MUE*VOR/DME*233.75/12.53
JAVAT,21.837416666666666,-159.77019444444446,HAWAII,ZHN,MR,04/23/2013
JAZYY,20.799444444444447,-158.51638888888888,HAWAII,ZHN,RNAV,01/30/2014
JEETI,21.234444444444446,-157.85472222222222,HAWAII,ZHN,RNAV,02/14/2012
JEMKO,21.037513888888892,-157.26756666666668,HAWAII,ZHN,RNAV,02/01/2002
JENSO,19.712008333333333,-156.04801388888887,HAWAII,ZHN,RP,KOA*LD*173.82/0.52
JESOM,19.955252777777776,-155.02824166666667,HAWAII,ZHN,RNAV,05/10/2012
JESSI,20.26521111111111,-156.4195472222222,HAWAII,ZHN,RP,OGG*VORTAC*168.88/38.23
JIMMA,21.603611111111114,-159.13583333333332,HAWAII,ZHN,RNAV,01/13/2011
JINAS,20.84798333333333,-156.46364166666666,HAWAII,ZHN,RNAV,05/26/2011
JLAKE,21.93638888888889,-158.945,HAWAII,ZHN,RNAV,01/13/2011
JOELE,21.668458333333334,-157.18724444444445,OFFSHORE PACIFIC,ZHN,RP,CKH*VORTAC*039.03/37.61
JOISY,16.688647222222222,-169.62493333333333,OFFSHORE PACIFIC,ZHN,MW,02/18/1999
JOLUN,20.780927777777777,-156.40141111111112,HAWAII,ZHN,RNAV,05/26/2011
JONAS,14.275277777777779,-170.54699444444444,,ZHN,RP,TUT*VORTAC*058.00/10.00
JORDA,20.659627777777775,-157.266175,HAWAII,ZHN,RP,HNL*VORTAC*125.00/53.80
JOVBO,21.665866666666666,-157.5937416666667,HAWAII,ZHN,MR,NGF*TACAN*026.00/15.50
JUDEZ,20.974280555555556,-156.37291666666667,HAWAII,ZHN,RNAV,04/05/2016
JULLE,20.95993888888889,-157.57646944444443,HAWAII,ZHN,RP,HNL*VORTAC*125.31/28.77
JUNIE,11.5474,-147.10791944444443,GUAM,ZHN,RP,UNZ*VORTAC*127.00/180.00
JUSSS,20.913969444444444,-159.20560277777776,HAWAII,ZHN,RP,HNL*VORTAC*240.99/75.32
IBICU,21.29155,-157.85684444444445,HAWAII,ZHN,RNAV,08/01/2006
IDOCA,29.916666666666668,-180.0,MIDWAY ATOLL,ZHN,RP,02/27/2012
IFUPO,28.245338888888888,-177.61676111111112,MIDWAY ATOLL,ZHN,WP,12/18/2001
IHEPA,20.795625,-156.00026666666668,HAWAII,ZHN,RNAV,07/12/2005
IKOFO,7.084894444444444,-158.40950833333335,,ZHN,WP,11/02/1998
IMEBE,20.928516666666667,-156.3673527777778,HAWAII,ZHN,RNAV,07/15/2002
INECE,19.804030555555556,-156.04227777777777,HAWAII,ZHN,RP,KOA*VORTAC*350.65/5.19
INOYE,21.182222222222222,-157.81222222222223,HAWAII,ZHN,RNAV,02/14/2012
INUCU,20.795538888888892,-155.92069166666667,HAWAII,ZHN,RNAV,07/12/2005
IQJOV,6.990313888888889,-158.24319444444444,,ZHN,RP,PNI*NDB/DME*072.00/2.50
ISSNO,21.060000000000002,-156.72833333333332,HAWAII,ZHN,RNAV,12/14/2011
IVATE,22.04950277777778,-159.13961666666665,HAWAII,ZHN,RNAV,03/19/2003
IVEYS,21.570183333333333,-157.46275277777778,HAWAII,ZHN,MR,CKH*VORTAC*022.00/22.00
IWOHI,21.365894444444447,-157.8595222222222,HAWAII,ZHN,RP,HHI*NDB*113.40
IZZIY,20.683333333333334,-158.0263888888889,HAWAII,ZHN,RNAV,01/30/2014
EBBER,21.71343333333333,-153.14728333333332,HAWAII,ZHN,RP,ITO*VORTAC*030.03/158.64
EDSEL,32.24234166666667,-124.098575,OFFSHORE PACIFIC,ZHN,RP,01/22/1982
EELIC,19.457194444444443,-153.30627777777778,HAWAII,ZHN,RP,ITO*VORTAC*088.00/97.85
EGIPT,19.82702777777778,-156.03776944444445,HAWAII,ZHN,RP,KOA*LD*353.82/6.38
EHEUU,21.2875,-157.44611111111112,HAWAII,ZHN,RNAV,02/14/2012
EHIKU,19.960641666666668,-155.75371388888888,HAWAII,ZHN,RP,MUE*VOR/DME*233.75/5.24
EKAGE,19.72138611111111,-155.0646277777778,HAWAII,ZHN,RNAV,07/09/2002
EKJAY,21.325019444444443,-158.2199361111111,HAWAII,ZHN,RNAV,02/22/2017
EKUZY,28.166191666666666,-177.48297222222223,MIDWAY ATOLL,ZHN,WP,11/02/2001
ELAYN,21.124211111111112,-158.708825,HAWAII,ZHN,RP,HNL*VORTAC*245.00/45.00
ELKUC,7.424863888888889,-151.78405555555554,,ZHN,RP,TKK*NDB/DME*234.41/4.01
EREBE,19.721327777777777,-154.93588333333335,HAWAII,ZHN,RNAV,07/09/2002
ERLNN,21.28393888888889,-156.81357500000001,HAWAII,ZHN,RNAV,02/14/2012
ERTTS,14.168319444444444,-145.02891666666667,GUAM,ZHN,RP,UNZ*VORTAC*020.00/46.00
ESOVY,28.267027777777777,-177.19180833333334,MIDWAY ATOLL,ZHN,WP,11/02/2001
ETTER,16.769269444444443,-169.44364444444446,OFFSHORE PACIFIC,ZHN,MW,02/18/1999
EVEVE,21.3068,-157.97976666666668,HAWAII,ZHN,RNAV,05/10/2002
EVUTY,6.987097222222222,-158.24733333333333,,ZHN,RNAV,03/06/2017
EWABE,21.32521388888889,-158.0488611111111,HAWAII,ZHN,RP,HNL*LD*258.99/8.07
EYEPO,20.73421666666667,-157.00424444444445,HAWAII,ZHN,RP,LNY*LD*213.04/4.85
PAKKI,20.177869444444447,-155.3968583333333,HAWAII,ZHN,RP,ITO*VORTAC*310.43/34.94
PALAY,21.105761111111114,-157.57034444444443,HAWAII,ZHN,RP,HNL*VORTAC*110.90/23.54
PARIS,20.168655555555556,-155.22191666666666,HAWAII,ZHN,RP,ITO*VORTAC*325.00/29.28
PASSA,5.0,-161.525,OFFSHORE PACIFIC,ZHN,RP,02/04/1985
PATSY,21.88705,-158.75341944444443,HAWAII,ZHN,MR,LIH*VORTAC*087.00/32.95
PENRE,21.22298333333333,-158.19735277777778,HAWAII,ZHN,RNAV,05/10/2002
PERLY,21.268505555555553,-157.99143333333333,HAWAII,ZHN,RP,IUM*LD*222.01/6.15
PIKOK,0.0,-146.14166666666665,OFFSHORE PACIFIC,ZHN,RP,07/01/1988
PILPE,19.537069444444445,-156.24065555555555,HAWAII,ZHN,RNAV,07/20/2011
PITTI,14.496313888888888,-170.74399722222222,,ZHN,RP,TUT*VORTAC*180.00/10.00
PLUMB,21.21175,-156.60148611111111,HAWAII,ZHN,RP,VYI*NDB*324.78
POKAI,20.08101111111111,-155.48486666666665,HAWAII,ZHN,RNAV,07/10/2003
PONOI,15.014308333333334,-145.46574999999999,GUAM,ZHN,RP,GSN*LD*SW CRS/17.39
PRASK,19.828316666666666,-155.06128611111112,HAWAII,ZHN,RP,ITO*VORTAC*325.00/7.00
PUKUE,20.725902777777776,-156.54459444444444,HAWAII,ZHN,RNAV,05/26/2011
PULPS,20.47216111111111,-155.89929444444445,HAWAII,ZHN,RP,UPP*VORTAC*338.00/16.54
PUMIC,20.30063611111111,-155.2844388888889,HAWAII,ZHN,RP,ITO*VORTAC*325.00/38.00
PUPPI,21.921383333333335,-161.67963333333333,HAWAII,ZHN,RP,SOK*VORTAC*260.00/120.00
QEJXO,20.072783333333334,-156.015825,HAWAII,ZHN,CN,07/20/2011
DAFRE,19.49631388888889,-157.50761111111112,HAWAII,ZHN,RP,MKK*VORTAC*180.12/100.00
DAKKL,21.247775,-157.30209444444446,HAWAII,ZHN,RP,MKK*VORTAC*299.99/10.00
DAMAY,7.568888888888889,-151.71568888888888,,ZHN,RP,TKK*NDB/DME*306.14/10.00
DANIE,21.24308888888889,-157.96897777777778,HAWAII,ZHN,RP,CKH*VORTAC*254.00
DANNO,23.53323333333333,-161.58176666666665,HAWAII,ZHN,RNAV,10/26/2016
DANYA,22.040277777777778,-156.36499999999998,OFFSHORE PACIFIC,ZHN,RNAV,08/29/2011
DARBB,19.798055555555557,-156.39888888888888,HAWAII,ZHN,RNAV,01/29/2014
DARIL,22.151319444444443,-159.25733333333332,HAWAII,ZHN,RP,LIH*VORTAC*011.02/12.00
DATON,22.008805555555554,-158.12355833333334,HAWAII,ZHN,RP,HNL*VORTAC*334.58/43.25
DEBRY,21.237816666666667,-158.03488333333334,HAWAII,ZHN,RP,IUM*LD*222.01/9.20
DEEKE,21.714166666666667,-159.10944444444445,HAWAII,ZHN,RNAV,04/12/2010
DEKUM,21.952222222222222,-154.5975,HAWAII,ZHN,RNAV,06/08/2011
DENKL,22.61861111111111,-160.18722222222223,HAWAII,ZHN,RNAV,01/13/2011
DENNS,22.363400000000002,-153.88058333333333,OFFSHORE PACIFIC,ZHN,RP,ITO*VORTAC*010.68/170.21
DEREC,20.312347222222222,-155.32619722222222,HAWAII,ZHN,RP,UPP*VORTAC*066.00
DIFFY,16.653544444444442,-169.7037361111111,OFFSHORE PACIFIC,ZHN,MW,04/08/1999
DIKNY,21.88303611111111,-159.9970111111111,HAWAII,ZHN,MR,NBS*TACAN*222.00/15.00
DIPPS,20.693269444444443,-156.58183888888888,HAWAII,ZHN,RP,VYI*NDB*203.94
DMATO,19.97955,-156.02415833333333,HAWAII,ZHN,CN,12/30/2009
DONCC,21.325205555555556,-158.06289722222223,HAWAII,ZHN,RNAV,06/02/2014
DOPIE,21.54719166666667,-157.837475,HAWAII,ZHN,MR,HNL*VORTAC*009.00/15.20
DOVRR,18.716666666666665,-157.66666666666666,HAWAII,ZHN,RP,HNL*VORTAC*163.46/155.63
DRAWN,14.630600000000001,-170.89958055555556,,ZHN,RP,TUT*VORTAC*200.00/21.00
DREGO,21.521147222222222,-157.70632777777777,HAWAII,ZHN,MR,NGF*TACAN*026.00/4.80
DUDVE,20.718305555555553,-156.79798055555554,HAWAII,ZHN,RP,LNY*VORTAC*095.00/10.00
DYDRA,21.24783888888889,-157.86878333333334,HAWAII,ZHN,RP,CKH*VORTAC*252.68
HADIG,21.306458333333335,-158.2866,HAWAII,ZHN,RNAV,05/10/2002
HAGLL,19.679355555555556,-154.8955222222222,HAWAII,ZHN,RP,ITO*VORTAC*099.99/7.00
HAIKU,20.969166666666666,-156.28444444444443,HAWAII,ZHN,RNAV,05/26/2011
HAKRI,19.823244444444445,-154.50084166666667,HAWAII,ZHN,RP,ITO*VORTAC*067.00/29.50
HALEU,20.71175277777778,-155.82966666666667,HAWAII,ZHN,RNAV,07/12/2005
HAPAI,21.264311111111112,-157.05034722222223,HAWAII,ZHN,RP,LNY*VORTAC*340.31
HARPE,21.602330555555557,-157.63093055555555,HAWAII,ZHN,RP,MKK*VORTAC*306.00/38.00
HARPO,20.64148611111111,-156.51535555555554,HAWAII,ZHN,RP,VYI*NDB*184.96
HASOG,19.523127777777777,-156.0648111111111,HAWAII,ZHN,RNAV,07/20/2011
HAUNA,21.094119444444445,-157.71251666666666,HAWAII,ZHN,RP,HNL*VORTAC*125.31/17.70
HAVBI,20.85118611111111,-157.1210388888889,HAWAII,ZHN,RP,LNY*VORTAC*290.24/10.00
HAVNU,7.077930555555556,-158.6957361111111,,ZHN,RP,PNI*NDB/DME*072.00/30.00
HEDAT,20.943819444444443,-156.33231666666666,HAWAII,ZHN,RNAV,12/04/2008
HEFTI,20.184638888888887,-156.24759166666666,HAWAII,ZHN,RP,UPP*VORTAC*256.68/22.84
HEFTL,21.26246111111111,-157.83967777777778,HAWAII,ZHN,RP,EPC*DD*SE CRS/5.40
HELUX,21.684727777777777,-157.71364722222222,HAWAII,ZHN,RP,MKK*VORTAC*306.00/44.76
HEROV,21.881777777777778,-158.86966944444444,HAWAII,ZHN,MR,SOK*VORTAC*080.61/36.80
HERTI,21.463974999999998,-157.7534638888889,HAWAII,ZHN,MR,NGF*TACAN*011.65/0.50
HIKAG,21.25663611111111,-158.14524166666666,HAWAII,ZHN,RNAV,12/27/2013
HINUN,19.853494444444447,-155.74608888888886,HAWAII,ZHN,RNAV,04/07/2016
HIRCH,14.789197222222223,-145.76852222222223,N MARIANA ISLANDS,ZHN,RP,UNZ*VORTAC*035.00/100.00
HIRUP,7.390819444444445,-151.72639166666667,,ZHN,RP,TKK*NDB/DME*234.41/8.00
HNAPI,21.80638888888889,-157.99888888888887,HAWAII,ZHN,RNAV,04/13/2010
HODAY,19.60231388888889,-154.22629166666667,HAWAII,ZHN,RP,ITO*VORTAC*088.00/45.00
HOKLA,20.225966666666665,-156.82673333333332,HAWAII,ZHN,RP,OGG*VORTAC*198.39
HOLNI,21.584725,-157.6569,HAWAII,ZHN,MR,NGF*TACAN*026.00/9.50
HOMAI,20.9025,-156.33416666666668,HAWAII,ZHN,RNAV,05/26/2011
HOPPY,14.021861111111113,-146.34433333333334,GUAM,ZHN,RP,UNZ*VORTAC*068.00/100.00
HOSAX,21.621080555555555,-159.74621944444442,HAWAII,ZHN,MR,NBS*TACAN*165.00/25.00
HOXLY,19.639783333333334,-156.0544416666667,HAWAII,ZHN,RP,KOA*LD*173.82/4.86
HPKNS,21.288436111111114,-158.16864166666664,HAWAII,ZHN,RP,HNL*VORTAC*253.95/13.40
HUKLA,20.90766111111111,-156.42253333333332,HAWAII,ZHN,RNAV,07/22/2002
HUNPU,22.103808333333333,-159.80040000000002,HAWAII,ZHN,MW,05/07/2010
HUPUK,21.689583333333335,-159.16309166666667,HAWAII,ZHN,RP,SOK*VORTAC*110.61/24.00
HUXOR,21.30677222222222,-158.04885277777777,HAWAII,ZHN,RNAV,05/10/2002
CABRI,9.474933333333334,-137.9955611111111,,ZHN,RP,YP*NDB/DME*254.12/5.68
CAMPS,20.66526111111111,-156.60260833333334,HAWAII,ZHN,RP,OGG*VORTAC*204.34/17.67
CANON,22.8015,-162.6168888888889,HAWAII,ZHN,RP,SOK*VORTAC*277.00/180.00
CAPRA,14.271536111111113,-171.01084722222222,,ZHN,RP,TUT*VORTAC*/18.00
CAPVI,21.3252,-158.0488611111111,HAWAII,ZHN,RNAV,02/22/2017
CARRP,19.073333333333334,-159.58333333333334,OFFSHORE PACIFIC,ZHN,RP,HNL*VORTAC*204.21/162.94
CEDRI,21.308263888888888,-157.937575,HAWAII,ZHN,RNAV,04/17/2002
CEKOB,19.721230555555554,-154.83494722222224,HAWAII,ZHN,RNAV,07/09/2002
CFCHF,20.97976111111111,-158.06468055555555,HAWAII,ZHN,CN,03/06/2017
CFDRM,20.961513888888888,-157.87192777777778,HAWAII,ZHN,CN,03/06/2017
CFFVB,21.208075,-158.07687777777778,HAWAII,ZHN,CN,02/24/2012
CFLSP,19.721202777777776,-154.8139666666667,HAWAII,ZHN,CN,02/10/2012
CFPJK,21.273341666666667,-157.8867861111111,HAWAII,ZHN,CN,05/30/2017
CFPPX,21.180280555555555,-158.0333138888889,HAWAII,ZHN,CN,02/24/2012
CFRRC,21.224505555555552,-157.9463,HAWAII,ZHN,CN,02/22/2017
CHAIN,20.972994444444442,-156.92576111111111,HAWAII,ZHN,RP,LNY*VORTAC*359.99/12.70
CHOKL,22.140555555555554,-160.45,HAWAII,ZHN,RNAV,01/13/2011
CHOKO,20.377344444444446,-160.88309722222223,OFFSHORE PACIFIC,ZHN,WP,07/12/1991
CIDAL,22.185288888888888,-159.8695027777778,HAWAII,ZHN,MR,NBS*TACAN*322.00/10.00
CIDOP,22.096702777777775,-159.8188972222222,HAWAII,ZHN,MR,NBS*TACAN*322.00/4.00
CIGAK,19.536355555555556,-156.12199722222223,HAWAII,ZHN,RP,KOA*VORTAC*191.00/11.66
CIGEP,21.325066666666668,-158.1785861111111,HAWAII,ZHN,RP,HNL*VORTAC*/13.94
CILBO,21.663574999999998,-158.44792777777778,HAWAII,ZHN,RP,SOK*VORTAC*092.00/62.00
CIXUK,21.270030555555554,-156.58959444444446,HAWAII,ZHN,RNAV,01/27/2011
CLORI,21.232233333333333,-157.41960833333331,HAWAII,ZHN,RP,CKH*VORTAC*086.00/16.00
CLUTS,23.003258333333335,-154.65477222222222,OFFSHORE PACIFIC,ZHN,RP,OGG*VORTAC*026.83/159.43
CLYYD,21.595741666666665,-157.60359166666666,HAWAII,ZHN,MW,08/19/2010
COBAL,16.61841111111111,-169.78250833333334,OFFSHORE PACIFIC,ZHN,MW,04/08/1999
COBIK,22.108711111111113,-159.20298333333332,HAWAII,ZHN,RP,03/19/2003
CODDY,21.43953888888889,-155.1392361111111,HAWAII,ZHN,RP,ITO*VORTAC*345.00/103.00
COEST,20.748333333333335,-156.44166666666666,HAWAII,ZHN,RNAV,05/26/2011
COGDA,19.821608333333334,-154.8348,HAWAII,ZHN,RNAV,07/09/2002
COLIS,21.306725,-158.1080888888889,HAWAII,ZHN,RNAV,05/10/2002
CONED,22.36916666666667,-156.45805555555555,OFFSHORE PACIFIC,ZHN,RNAV,08/29/2011
COOKE,20.171950000000002,-155.0443111111111,HAWAII,ZHN,RP,ITO*VORTAC*345.00/27.00
COPTA,21.39448611111111,-158.04200277777778,HAWAII,ZHN,MR,HHI*NDB*174.28
CORGA,19.911383333333333,-155.87164722222224,HAWAII,ZHN,RNAV,07/20/2011
COVSU,20.825244444444444,-156.4838472222222,HAWAII,ZHN,RNAV,06/03/2011
CRISI,20.462266666666665,-157.06573055555558,HAWAII,ZHN,RP,HNL*VORTAC*125.00/70.13
CRONE,16.804294444444444,-169.36475833333333,OFFSHORE PACIFIC,ZHN,MW,02/18/1999
CUBIG,21.989941666666667,-159.33587500000002,HAWAII,ZHN,RNAV,05/10/2012
CUTLE,20.077202777777778,-153.63296944444446,HAWAII,ZHN,RP,UPP*VORTAC*082.00/125.00
VABUY,21.462969444444443,-157.75150833333333,HAWAII,ZHN,MR,NGF*TACAN*026.00/0.50
VECKI,19.92722777777778,-156.02883055555557,HAWAII,ZHN,RP,MUE*VOR/DME*247.27/20.73
VELLA,20.120652777777778,-155.3483277777778,HAWAII,ZHN,RP,ITO*VORTAC*310.43/30.55
VEWES,19.721316666666667,-154.92261944444442,HAWAII,ZHN,RP,ITO*VORTAC*079.02/5.00
VICUL,19.71698888888889,-155.6079,HAWAII,ZHN,RNAV,12/13/2005
VINIE,19.6389,-155.41811666666666,HAWAII,ZHN,MR,ITO*VORTAC*247.00/23.57
VIRAY,21.192769444444444,-157.9486222222222,HAWAII,ZHN,RNAV,06/02/2014
OBGUE,21.300130555555555,-157.93525555555556,HAWAII,ZHN,RP,HNL*VORTAC*198.00/0.56
OCEBI,21.128819444444446,-157.13336388888888,HAWAII,ZHN,RNAV,04/10/2014
OHAFU,7.001444444444444,-158.4163777777778,,ZHN,RNAV,03/06/2017
OHANA,21.907080555555556,-159.9768861111111,HAWAII,ZHN,RP,SOK*VORTAC*260.00/25.00
OJOVU,20.646191666666667,-157.09457500000002,HAWAII,ZHN,RP,MKK*VORTAC*161.06
OKALA,20.021880555555555,-155.26464444444446,HAWAII,ZHN,RP,ITO*VORTAC*310.43/22.99
OKEZO,28.24451388888889,-176.62618333333333,MIDWAY ATOLL,ZHN,WP,11/02/2001
OLIVE,14.416230555555556,-170.8570111111111,,ZHN,RP,TUT*VORTAC*228.00/10.00
OLONE,21.15167222222222,-156.38889722222223,HAWAII,ZHN,RNAV,04/05/2016
OLOYI,21.74881388888889,-158.95328055555555,HAWAII,ZHN,RP,LIH*VORTAC*110.00/25.08
OMINE,21.43401111111111,-157.8813888888889,HAWAII,ZHN,MR,HNL*VORTAC*009.06/8.00
ONOHI,20.864108333333334,-156.0097638888889,HAWAII,ZHN,RP,OGG*VORTAC*085.18/23.24
ONOVY,22.2845,-154.11512222222223,HAWAII,ZHN,RP,OGG*VORTAC*046.00/153.00
OORRR,21.28531388888889,-157.88937222222222,HAWAII,ZHN,RP,HNL*VORTAC*109.89/2.68
OPACA,20.938938888888888,-158.23735555555555,HAWAII,ZHN,RP,HNL*VORTAC*207.00/28.00
OPANA,20.944058333333334,-156.193,HAWAII,ZHN,RP,OGG*VORTAC*069.00/13.00
OPIHI,21.09585,-158.003975,HAWAII,ZHN,RP,HNL*VORTAC*187.00/13.40
OPLAR,12.397633333333333,-146.05682222222222,GUAM,ZHN,RP,UNZ*VORTAC*127.00/100.00
OPORE,22.04968888888889,-159.26641944444444,HAWAII,ZHN,RNAV,05/17/2007
ORIUN,21.732194444444442,-157.76105833333332,HAWAII,ZHN,MW,12/12/2017
OSOFE,21.397772222222223,-158.31825555555554,HAWAII,ZHN,RP,HNL*VORTAC*272.90/22.37
OSTAH,20.056350000000002,-153.3024166666667,HAWAII,ZHN,RP,ITO*VORTAC*067.00/98.71
OUCHI,21.845277777777778,-159.0363888888889,HAWAII,ZHN,RNAV,04/13/2010
OWODY,28.135644444444445,-177.57072222222223,MIDWAY ATOLL,ZHN,WP,11/02/2001
ZAMAG,21.48209722222222,-157.73454166666664,HAWAII,ZHN,MR,NGF*TACAN*030.00/2.50
ZAPFF,21.057222222222222,-158.05666666666667,HAWAII,ZHN,RNAV,02/14/2012
ZAPSO,19.970791666666663,-155.80845833333333,HAWAII,ZHN,RP,MUE*VOR/DME*247.27/8.00
ZEGNU,21.466466666666665,-156.6954638888889,HAWAII,ZHN,RNAV,01/27/2011
ZEGPI,21.368405555555555,-158.19042777777778,HAWAII,ZHN,RP,HNL*VORTAC*272.90/15.00
ZEGUN,20.758877777777776,-156.4648,HAWAII,ZHN,RNAV,05/26/2011
ZELIB,7.5336,-151.92004722222222,,ZHN,RP,TKK*NDB/DME*041.28/6.45
ZIGIE,24.313694444444444,-157.28536111111111,OFFSHORE PACIFIC,ZHN,RP,MKK*VORTAC*347.05/190.00
ZILAN,23.41361111111111,-157.64027777777778,OFFSHORE PACIFIC,ZHN,RNAV,09/12/2011
ZILNA,20.481027777777776,-156.57234722222222,HAWAII,ZHN,RP,OGG*VORTAC*187.54
ZITBO,21.217680555555553,-158.063375,HAWAII,ZHN,RNAV,02/24/2012
ZIVOR,7.373769444444444,-151.69751666666667,,ZHN,RP,TKK*NDB/DME*234.41/10.00
ZOBLA,19.955177777777777,-156.14388333333332,HAWAII,ZHN,RNAV,07/20/2011
ZOFZO,9.474680555555556,-138.27701666666667,,ZHN,WP,10/28/1998
ZUDNU,20.94589722222222,-156.39860833333333,HAWAII,ZHN,RNAV,05/25/2011
ZUKEY,20.782663888888887,-159.62207777777778,HAWAII,ZHN,RP,SOK*VORTAC*173.00
ZULBI,20.76846111111111,-156.96905,HAWAII,ZHN,RP,LNY*LD*213.04/2.00
ZULUD,21.132213888888888,-156.42459444444444,HAWAII,ZHN,RNAV,12/04/2008
ZUTAR,21.14550277777778,-157.10882777777778,HAWAII,ZHN,RNAV,02/01/2002
NAGAI,21.777897222222222,-159.26106666666666,HAWAII,ZHN,RP,SOK*VORTAC*105.05
NALII,21.306794444444446,-157.886775,HAWAII,ZHN,RNAV,07/31/2006
NANLE,19.681630555555557,-156.23836666666665,HAWAII,ZHN,RNAV,07/20/2011
NAPUA,21.736369444444446,-159.24404444444443,HAWAII,ZHN,RP,SOK*VORTAC*110.61/18.68
NARKS,13.73533611111111,-145.35166666666666,GUAM,ZHN,MR,UNZ*VORTAC*063.00/40.00
NASZU,22.377166666666668,-159.97936944444444,HAWAII,ZHN,MR,NBS*TACAN*322.00/23.00
NAUTI,21.909866666666666,-159.7851777777778,HAWAII,ZHN,MR,NBS*TACAN*169.99/7.64
NDREW,20.529633333333333,-156.55215555555557,HAWAII,ZHN,RNAV,04/05/2016
NEEEL,21.665,-158.28833333333333,HAWAII,ZHN,RNAV,04/13/2010
NENVE,19.753841666666666,-156.0433361111111,HAWAII,ZHN,RP,KOA*VORTAC*350.65/2.19
NIKKI,21.767255555555554,-157.51469166666666,OFFSHORE PACIFIC,ZHN,MR,MKK*VORTAC*321.74/42.34
NIYIT,20.686411111111113,-156.81164722222223,HAWAII,ZHN,RP,LNY*VORTAC*106.80/10.00
NOHEA,19.99631388888889,-155.67376666666667,HAWAII,ZHN,RP,MUE*VOR/DME*233.75/0.24
NONNI,21.228416666666664,-161.04988333333333,HAWAII,ZHN,RP,SOK*VORTAC*234.00/94.08
NORBY,21.155205555555554,-157.52269722222223,HAWAII,ZHN,RP,CKH*VORTAC*112.00/12.00
NOWAK,20.85109166666667,-156.46462777777776,HAWAII,ZHN,RP,OGG*LD*203.97/4.10
NUDSE,21.60501388888889,-157.64111666666665,HAWAII,ZHN,MR,NGF*TACAN*026.00/11.00
NUTTI,5.0,-145.70666666666665,OFFSHORE PACIFIC,ZHN,RP,02/04/1985
WAHAA,16.839291666666664,-169.28584444444445,OFFSHORE PACIFIC,ZHN,MW,02/18/1999
WAKIK,19.721313888888886,-154.91996666666665,HAWAII,ZHN,RP,POA*NDB*004.36
WAMOT,20.871969444444446,-156.44772222222224,HAWAII,ZHN,RNAV,05/26/2011
WANSI,20.570061111111112,-156.0188361111111,HAWAII,ZHN,RP,MKK*VORTAC*106.55/72.93
WAPIO,20.187952777777777,-155.5926611111111,HAWAII,ZHN,RP,MUE*VOR/DME*010.00
WAPPO,21.810794444444443,-154.9188361111111,HAWAII,ZHN,RP,OGG*VORTAC*046.00/100.00
WEGDO,21.644797222222223,-157.68333333333334,HAWAII,ZHN,MR,NGF*TACAN*010.00/12.00
WEPGU,21.350205555555558,-156.68065277777777,HAWAII,ZHN,RNAV,01/13/2011
WERAK,19.523627777777776,-156.06476666666669,HAWAII,ZHN,RP,KOA*LD*173.82/11.82
WIDLO,22.054555555555556,-159.317275,HAWAII,ZHN,RNAV,03/19/2003
WIDOW,20.881061111111112,-156.17323055555553,HAWAII,ZHN,RP,OGG*VORTAC*085.18/14.00
WILIS,21.118744444444445,-156.05809166666668,HAWAII,ZHN,MR,OGG*VORTAC*048.23/21.24
WIMIR,6.998297222222222,-158.28432777777778,,ZHN,RP,PNI*NDB/DME*069.00/5.00
WIMUG,7.4376500000000005,-151.80571666666668,,ZHN,RP,TKK*NDB/DME*234.41/2.51
WINDI,19.668572222222224,-156.582275,HAWAII,ZHN,MR,HNL*VORTAC*131.00/124.00
WININ,21.093463888888888,-157.18531944444445,HAWAII,ZHN,RNAV,04/18/2014
WIPHU,21.24090277777778,-158.06283055555556,HAWAII,ZHN,RNAV,06/02/2014
WIPRI,20.611494444444446,-156.46946944444446,HAWAII,ZHN,RP,OGG*VORTAC*177.80
WIROS,7.484069444444445,-151.8681361111111,,ZHN,RP,TKK*NDB/DME*041.28/2.17
WMAUI,21.066666666666666,-156.49166666666665,HAWAII,ZHN,RNAV,12/14/2011
WOPNA,19.66069444444444,-156.05258055555558,HAWAII,ZHN,RNAV,07/20/2011
WORDN,21.891849999999998,-157.35234166666666,OFFSHORE PACIFIC,ZHN,MR,NGF*TACAN*030.00/35.00
WORUB,21.152124999999998,-158.07321666666667,HAWAII,ZHN,RNAV,02/24/2012
WUBAL,21.14683611111111,-157.12564722222223,HAWAII,ZHN,RP,MKK*VORTAC*066.44/2.40
WUBOX,19.68471111111111,-155.64848055555555,HAWAII,ZHN,RNAV,12/13/2005
WUKUL,21.30405,-158.1802611111111,HAWAII,ZHN,RP,HNL*VORTAC*258.00/14.00
WULON,6.985163888888889,-158.00327222222222,,ZHN,RNAV,03/06/2017
WUNBU,20.844444444444445,-156.37055555555557,HAWAII,ZHN,RNAV,05/26/2011
BAMBO,21.41654722222222,-157.5100111111111,OFFSHORE PACIFIC,ZHN,RP,CKH*VORTAC*039.01/14.10
BARBY,20.860986111111114,-155.97984444444444,HAWAII,ZHN,RP,ITO*VORTAC*310.43/87.33
BASSY,21.005947222222222,-155.10658055555555,HAWAII,ZHN,RP,ITO*VORTAC*345.00/77.00
BATES,20.008694444444444,-153.55122222222224,HAWAII,ZHN,RP,ITO*VORTAC*067.00/84.00
BAYCA,20.00390833333333,-156.02198333333334,HAWAII,ZHN,RP,UPP*VORTAC*209.68/15.49
BEACH,20.683058333333335,-156.5367222222222,HAWAII,ZHN,RP,OGG*VORTAC*195.00/14.86
BEBYE,21.940644444444445,-159.7695277777778,HAWAII,ZHN,MW,05/06/2010
BECAN,22.744722222222222,-156.6783333333333,OFFSHORE PACIFIC,ZHN,RNAV,08/29/2011
BERLE,23.47808333333333,-157.25597222222223,HAWAII,ZHN,RP,MKK*VORTAC*347.00/140.00
BIGZO,20.66472222222222,-159.05222222222224,HAWAII,ZHN,RNAV,01/29/2014
BIKDE,20.943297222222224,-156.396,HAWAII,ZHN,RNAV,04/05/2016
BIKUZ,22.729999999999997,-155.70083333333332,HAWAII,ZHN,RNAV,05/26/2011
BINJO,20.40467222222222,-160.79923333333332,HAWAII,ZHN,RP,HNL*VORTAC*241.00/170.00
BIRUQ,7.023113888888889,-157.70089444444443,,ZHN,RP,PNI*NDB/DME*267.69/30.00
BISEN,20.141513888888888,-154.7218777777778,HAWAII,ZHN,RP,ITO*VORTAC*022.00
BITTA,23.528030555555553,-155.47883611111112,OFFSHORE PACIFIC,ZHN,RP,MKK*VORTAC*022.00/171.00
BLUJA,14.392152777777778,-170.81191944444444,,ZHN,RP,TUT*LD*SW CRS/7.40
BLUSH,21.33369722222222,-156.67383333333333,HAWAII,ZHN,RP,CKH*VORTAC*074.75/57.81
BOGEE,21.02041111111111,-156.8417638888889,HAWAII,ZHN,RP,LNY*VORTAC*014.00/16.88
BONUS,20.385302777777778,-155.57320277777777,HAWAII,ZHN,RP,ITO*VORTAC*310.43/50.83
BOOKE,21.46309722222222,-158.44983055555556,HAWAII,ZHN,RP,LIH*VORTAC*110.00/58.00
BOYYR,20.791722222222223,-157.05300277777778,HAWAII,ZHN,RP,LNY*VORTAC*278.00/5.00
BRNDY,20.48183333333333,-158.436325,HAWAII,ZHN,MR,HNL*VORTAC*199.00/57.00
BRUTZ,21.363611111111112,-157.2875,HAWAII,ZHN,RNAV,02/14/2012
BRYDG,21.467469444444443,-157.44563055555557,OFFSHORE PACIFIC,ZHN,MW,08/05/2010
BYROW,20.369455555555557,-155.05899166666669,HAWAII,ZHN,RP,ITO*VORTAC*345.00/38.84
